LigandID,canonical_smiles,class,MW,LogP,HBA,HBD
CHEMBL4794117,C=C1c2cc3c(cc2OC1(F)F)[C@@H](NC(C)=O)CCc1cc(OC)c(OC)c(OC)c1-3,1,431.43500000000023,4.501200000000003,5,1
CHEMBL4800456,C=C1COc2cc3c(cc21)-c1c(cc(OC)c(OC)c1OC)CC[C@@H]3NC(C)=O,1,395.45500000000015,3.908400000000003,5,1
CHEMBL4753994,COc1cc2c(c(OC)c1OC)-c1cc3c(C)coc3cc1[C@@H](NC(C)=O)CC2,1,395.4550000000002,4.557420000000004,5,1
CHEMBL4797732,C/C=C/C=C/C(=O)OCC(=O)N[C@H]1CCc2cc(OC)c(OC)c(OC)c2-c2cc3cc(COC(C)=O)oc3cc21,1,563.6030000000003,4.967700000000005,9,1
CHEMBL4743585,C/C=C/C=C/C(=O)OCC(=O)N[C@H]1CCc2cc(OC)c(OC)c(OC)c2-c2ccc(C(=O)OC)cc21,1,509.55500000000035,3.945000000000003,8,1
CHEMBL4761555,COC(=O)c1ccc2c(c1)[C@@H](NC(=O)COC(=O)C=C(C)C)CCc1cc(OC)c(OC)c(OC)c1-2,1,497.5440000000004,3.778900000000003,8,1
CHEMBL4744305,C/C=C/C(=O)OCC(=O)N[C@H]1CCc2cc(OC)c(OC)c(OC)c2-c2ccc(C(=O)OC)cc21,1,483.5170000000003,3.3888000000000025,8,1
CHEMBL4761915,C=C1COc2cc3c(cc21)-c1c(cc(OC)c(OC)c1OC)CC[C@@H]3NC(=O)CO,1,411.4540000000002,2.880800000000001,6,2
CHEMBL4798577,C/C=C/C=C/C(=O)NCC(=O)N[C@H]1CCc2cc(OC)c(OC)c(OC)c2-c2ccc(C(=O)OC)cc21,1,508.57100000000037,3.5180000000000025,7,2
CHEMBL4790387,C/C=C1/COc2cc3c(cc21)-c1c(cc(OC)c(OC)c1OC)CC[C@@H]3NC(C)=O,1,409.4820000000002,4.298500000000003,5,1
CHEMBL4070492,COc1cc2c(c(OC)c1OC)-c1cc3cc(CO)oc3cc1C(O)CC2,1,370.4010000000001,3.597500000000002,6,2
CHEMBL4786968,COC(=O)c1ccc2c(c1)[C@@H](NC(=O)COC(=O)/C=C/C(F)(F)F)CCc1cc(OC)c(OC)c(OC)c1-2,1,537.4870000000002,3.931200000000003,8,1
CHEMBL4749586,COC(=O)c1ccc2c(c1)[C@@H](NC(=O)CO)CCc1cc(OC)c(OC)c(OC)c1-2,1,415.44200000000023,2.2618,7,2
CHEMBL4789567,COC(=O)c1ccc2c(c1)[C@@H](NC(=O)COC(=O)CC(C)SC[C@@H](NC(C)=O)C(=O)OC)CCc1cc(OC)c(OC)c(OC)c1-2,1,660.7420000000002,3.002200000000001,12,2
CHEMBL4100071,COc1cc2c(c(OC)c1OC)-c1cc3cc(CO)oc3cc1C(=O)CC2,1,368.38500000000016,3.746800000000002,6,1
CHEMBL4794634,COC(=O)c1ccc2c(c1)[C@@H](NC(=O)CNC(=O)C=C(C)C)CCc1cc(OC)c(OC)c(OC)c1-2,1,496.5600000000004,3.3519000000000014,7,2
CHEMBL4763029,COC(=O)c1ccc2c(c1)[C@@H](NC(=O)CNC(=O)/C=C/C(F)(F)F)CCc1cc(OC)c(OC)c(OC)c1-2,1,536.5030000000003,3.5042000000000018,7,2
CHEMBL4741408,C=CC(=O)OCC(=O)N[C@H]1CCc2cc(OC)c(OC)c(OC)c2-c2ccc(C(=O)OC)cc21,1,469.4900000000003,2.9987000000000013,8,1
CHEMBL2205254,COc1cc(/C=C\c2cc3ccccc3s2)cc(OC)c1OC,1,326.4170000000001,5.097500000000004,4,0
CHEMBL3633641,CCCCCCCCCCCCNC(=O)CC1c2cccc(O)c2C(=O)c2c(O)cccc21,1,451.60700000000014,6.201300000000008,4,3
CHEMBL4740897,C=CC(=O)NCC(=O)N[C@H]1CCc2cc(OC)c(OC)c(OC)c2-c2ccc(C(=O)OC)cc21,1,468.50600000000026,2.5717,7,2
CHEMBL4759719,C/C=C/C(=O)NCC(=O)N[C@H]1CCc2cc(OC)c(OC)c(OC)c2-c2ccc(C(=O)OC)cc21,1,482.5330000000003,2.961800000000001,7,2
CHEMBL4067957,Cc1nnc(-c2cc3c(s2)C(=O)c2ccccc2C3=O)o1,1,296.307,2.881920000000001,6,0
CHEMBL4794828,CC/C=C1/COc2cc3c(cc21)-c1c(cc(OC)c(OC)c1OC)CC[C@@H]3NC(C)=O,1,423.50900000000024,4.6886000000000045,5,1
CHEMBL4095356,CCc1nnc(-c2cc3c(s2)C(=O)c2ccccc2C3=O)o1,1,310.33400000000006,3.1359000000000012,6,0
CHEMBL2437042,CCC(CC)(c1ccc(OCC(O)C(C)(C)C)c(C)c1)c1ccc(C(=O)N[C@H](CO)CCO)n1C,1,488.6690000000002,3.698520000000002,6,4
CHEMBL4087663,O=C1c2ccccc2C(=O)c2sc(-c3nnco3)cc21,1,282.28000000000003,2.5735,6,0
CHEMBL4163989,COc1cc(-c2ocnc2-c2cc(Br)c(OC)c(OC)c2)ccc1SC,1,436.32700000000017,5.518800000000003,6,0
CHEMBL4071894,O=C1c2ccccc2C(=O)c2sc(-c3nncs3)cc21,1,298.348,3.0420000000000016,6,0
CHEMBL4161446,COc1ccc(-c2ocnc2-c2cc(OC)c(SC)c(OC)c2)cc1O,1,373.43000000000006,4.461900000000004,7,1
CHEMBL3633636,CCOC(=O)CC1c2cccc(O)c2C(=O)c2c(O)cccc21,1,312.321,2.7273000000000014,5,2
CHEMBL4086687,CCc1noc(-c2cc3c(s2)C(=O)c2ccccc2C3=O)n1,1,310.33400000000006,3.135900000000002,6,0
CHEMBL4755840,COc1cc2c(c(OC)c1OC)-c1cc3c(cc1[C@@H](NC(C)=O)CC2)OCC3=C(C)C,1,423.5090000000003,4.688600000000004,5,1
CHEMBL4759452,C/C=C/C=C/C(=O)NCC(=O)N[C@H]1CCc2cc(OC)c(OC)c(OC)c2-c2cc3cc(CO)oc3cc21,1,520.5820000000003,3.9699000000000035,7,3
CHEMBL4169370,COc1cc(-c2ocnc2-c2cc(OC)c(OC)c(OC)c2)ccc1SC,1,387.4570000000001,4.764900000000004,7,0
CHEMBL93347,CC(=O)c1cc2c(s1)C(=O)c1ccccc1C2=O,1,256.282,2.7261000000000006,4,0
CHEMBL4066802,N#Cc1cc2c(s1)C(=O)c1ccccc1C2=O,1,239.255,2.3951800000000008,4,0
CHEMBL4166523,COc1ccc(-c2c(-c3cc(OC)c(SC)c(OC)c3)ncn2C)cc1O,1,386.47300000000007,4.207400000000004,7,1
CHEMBL4159306,COc1ccc(-c2ocnc2-c2cc(Br)c(OC)c(OC)c2)cc1SC,1,436.32700000000017,5.518800000000003,6,0
CHEMBL3633645,COc1ccc(C(NC(=O)CC2c3cccc(O)c3C(=O)c3c(O)cccc32)c2ccc(OC)cc2)cc1,1,509.5580000000003,5.087200000000005,6,3
CHEMBL4065247,CCc1nc(-c2cc3c(s2)C(=O)c2ccccc2C3=O)no1,1,310.33400000000006,3.1359000000000012,6,0
CHEMBL4070840,COC(=O)c1cc2c(s1)C(=O)c1ccccc1C2=O,1,272.281,2.3101000000000003,5,0
CHEMBL4785493,COC(=O)Cc1coc2cc3c(cc12)-c1c(cc(OC)c(OC)c1OC)CC[C@@H]3NC(C)=O,1,453.49100000000027,3.964500000000003,7,1
CHEMBL4577957,COc1ccc(C(C(=O)NC(C)(C)C)N(C(=O)/C=C/C(=O)c2ccc(C)cc2)C(C)C)cc1,1,450.5790000000002,4.635520000000004,4,1
CHEMBL15192,CC1(C)CCC2=C(O1)c1ccccc1C(=O)C2=O,1,242.274,2.7521000000000013,3,0
CHEMBL4589636,COc1cc(C(C(=O)NC(C)(C)C)N(CCC(C)C)C(=O)/C=C/C(=O)c2ccc(F)cc2)cc(OC)c1OC,1,542.6480000000003,5.1211000000000055,6,1
CHEMBL4562297,CC(C)(C)NC(=O)C(c1ccc(F)cc1)N(C(=O)/C=C/C(=O)c1ccc(F)cc1)C1CC1,1,440.4900000000002,4.350700000000003,3,1
CHEMBL4067826,O=C1c2ccccc2C(=O)c2c([N+](=O)[O-])csc21,1,259.24199999999996,2.4317,5,0
CHEMBL4081447,COc1ccc(C(=O)Nc2cc3c(s2)C(=O)c2ccccc2C3=O)cc1,1,363.39400000000006,3.7844000000000015,5,1
CHEMBL4103794,O=Cc1cc2c(s1)C(=O)c1ccccc1C2=O,1,242.255,2.3360000000000003,4,0
CHEMBL2437045,CCn1c(C(=O)N[C@H](CO)CCO)ccc1C(CC)(CC)c1ccc(OCC(O)C(C)(C)C)c(C)c1,1,502.6960000000003,4.181420000000003,6,4
CHEMBL4165938,COc1ccc(-c2ocnc2-c2cc(OC)c(OC)c(OC)c2)cc1S,1,373.43000000000006,4.331700000000004,7,1
CHEMBL4451049,COc1ccccc1C(C(=O)NC1CCCCC1)N(C(=O)/C=C/C(=O)c1ccc(C)cc1)C1CCCCC1,1,516.6820000000002,6.094020000000007,4,1
CHEMBL4085869,NNC(=O)c1cc2c(s1)C(=O)c1ccccc1C2=O,1,272.285,1.127,5,2
CHEMBL60786,O=C1c2ccccc2C(=O)c2sc([N+](=O)[O-])cc21,1,259.24199999999996,2.4317,5,0
CHEMBL3633637,O=C(O)CC1c2cccc(O)c2C(=O)c2c(O)cccc21,1,284.267,2.248800000000001,4,3
CHEMBL4090093,CCCCc1nnc(-c2cc3c(s2)C(=O)c2ccccc2C3=O)o1,1,338.3880000000001,3.916100000000003,6,0
CHEMBL2434990,CCn1c(C(=O)N[C@@H](C)CO)ccc1C(CC)(CC)c1ccc(OCC(O)C(C)(C)C)c(C)c1,1,472.67000000000024,4.818920000000005,5,3
CHEMBL4752321,CC(C)(C)c1ccc(S(=O)(=O)N2CCN(C(=O)c3cn(Cc4ccc(I)cc4)nn3)CC2)cc1,1,593.4909999999999,3.375200000000002,6,0
CHEMBL2437043,CCn1c(C(=O)NCCO)ccc1C(CC)(CC)c1ccc(OCC(O)C(C)(C)C)c(C)c1,1,458.64300000000026,4.430420000000003,5,3
CHEMBL4785310,O=C(c1cn(Cc2ccc(I)cc2)nn1)N1CCN(S(=O)(=O)c2ccc(Cl)cc2)CC1,1,571.8280000000001,2.7311000000000005,6,0
CHEMBL4079647,O=C(Nc1cc2c(s1)C(=O)c1ccccc1C2=O)c1ccccc1,1,333.36800000000005,3.775800000000002,4,1
CHEMBL4756332,O=C(c1cn(Cc2ccc(I)cc2)nn1)N1CCN(S(=O)(=O)c2ccc(Br)cc2)CC1,1,616.2790000000001,2.840200000000001,6,0
CHEMBL4760033,COc1ccc(S(=O)(=O)N2CCN(C(=O)c3cn(Cc4cccc(Oc5ccccc5)c4)nn3)CC2)cc1,1,533.6100000000002,3.274000000000001,8,0
CHEMBL3809045,S=C=Nc1ccc2ncnc(Nc3cccc(Br)c3)c2c1,1,357.23600000000005,4.870200000000001,5,1
CHEMBL4780045,O=C(c1cn(Cc2cccc(Oc3ccccc3)c2)nn1)N1CCN(S(=O)(=O)c2ccc(Cl)cc2)CC1,1,538.0290000000001,3.918800000000002,7,0
CHEMBL465843,COc1cc(/C=C/C(=O)N2CCC=CC2=O)cc(OC)c1OC,1,317.34100000000007,2.0407,5,0
CHEMBL1257317,COc1cc(/C=C2\CNC/C(=C\c3ccc(O)c(OC)c3)C2=O)ccc1O,1,367.4010000000001,2.754300000000001,6,3
CHEMBL4105390,CC(C)C(=O)Nc1cc2c(s1)C(=O)c1ccccc1C2=O,1,299.35100000000006,3.118000000000001,4,1
CHEMBL4092671,Cc1nnc(-c2cc3c(s2)C(=O)c2ccccc2C3=O)s1,1,312.375,3.3504200000000015,6,0
CHEMBL1075971,COC(=O)[C@@]12Oc3ccc(-c4ccc5c(c4O)C(O)C4=C(O)C[C@H](C)[C@@H](O)[C@]4(C(=O)OC)O5)c(O)c3C(=O)C1=C(O)C[C@H](C)[C@H]2O,1,640.5940000000003,2.0148999999999995,14,7
CHEMBL4762039,O=C(c1cn(Cc2cccc(Oc3ccccc3)c2)nn1)N1CCN(S(=O)(=O)c2ccc(Br)cc2)CC1,1,582.48,4.0279000000000025,7,0
CHEMBL4084249,COc1ccc(-c2nnc(Cc3nc4ccccc4[nH]3)o2)cc1,1,306.325,3.212300000000001,5,1
CHEMBL1981072,COC(=O)/C=C/C1(O)C=CC(=O)C=C1,1,194.18599999999998,0.14179999999999998,4,1
CHEMBL1079485,COc1c(Cl)c(C)c2c(c1Cl)OC(=O)c1c(cc(O)c(Cl)c1C)O2,1,389.61800000000017,5.302740000000003,5,1
CHEMBL4776448,COc1cc2c(c(OC)c1OC)-c1cc3c(cc1[C@@H](NC(C)=O)CC2)OC/C3=C\c1ccccc1,1,471.5530000000003,5.435800000000005,5,1
CHEMBL4761812,CC(C)(C)c1ccc(S(=O)(=O)N2CCN(C(=O)c3cn(Cc4cccc(Oc5ccccc5)c4)nn3)CC2)cc1,1,559.692,4.562900000000004,7,0
CHEMBL4749944,COc1cc2c(c(OC)c1OC)-c1cc3c(cc1[C@@H](NC(C)=O)CC2)OC/C3=C(\C)CCC=C(C)C,1,491.62800000000044,6.415100000000007,5,1
CHEMBL4129852,Cc1cc(S(=O)(=O)/N=C(\N)N/N=C/C#Cc2ccccc2)c(SCc2ccc(Cl)cc2)cc1Cl,1,531.4900000000002,5.224620000000003,4,2
CHEMBL4128636,Cc1cc(S(=O)(=O)/N=C(\N)N/N=C/C#Cc2ccccc2)c(SCc2cccc3ccccc23)cc1Cl,1,547.1050000000002,5.724420000000004,4,2
CHEMBL4078694,Cc1cc2c(s1)C(=O)c1ccccc1C2=O,1,228.272,2.831920000000001,3,0
CHEMBL3633640,CCCCNC(=O)CC1c2cccc(O)c2C(=O)c2c(O)cccc21,1,339.3910000000001,3.0805000000000025,4,3
CHEMBL4452177,Cc1ccc(C(=O)/C=C/C(=O)N(C2CC2)C(C(=O)NCc2ccccc2)c2ncc(C)cn2)cc1,1,468.55700000000013,3.881040000000003,5,1
CHEMBL4087524,CCCC(=O)Nc1cc2c(s1)C(=O)c1ccccc1C2=O,1,299.35100000000006,3.262100000000001,4,1
CHEMBL1081411,COc1cc2c(c(C)c1Cl)Oc1cc(OC)c(Cl)c(C)c1C(=O)O2,1,369.20000000000016,4.952340000000003,5,0
CHEMBL4090554,CCc1noc(C=C2c3ccccc3C(=O)c3ccccc32)n1,1,302.333,3.7653000000000025,4,0
CHEMBL4096981,CCc1noc(-c2cc3c(OC)c4ccccc4c(OC)c3s2)n1,1,340.40400000000005,4.684100000000003,6,0
CHEMBL4059857,CCc1noc(-c2cc3c(s2)Cc2ccccc2C3=O)n1,1,296.351,3.495700000000003,5,0
CHEMBL4459518,CN(CCOC(=O)/C=C/C(=O)c1ccc(F)cc1)C(C(=O)NC(C)(C)C)c1ccc(F)cc1,1,458.50500000000017,3.8347000000000024,5,1
CHEMBL4465357,COc1ccccc1-c1nc2c(C=O)c(O)ccc2o1,1,269.256,3.0215000000000014,5,1
CHEMBL3344329,COc1cc(/C=C/C(=O)N2C(=O)C=CCC2/C=C/c2ccccc2)cc(OC)c1OC,1,419.47700000000015,4.122700000000004,5,0
CHEMBL4528961,CC(=O)c1c(O)ccc2oc(-c3ccccc3C)nc12,1,267.284,3.711420000000002,4,1
CHEMBL4128210,Cc1cccc(CSc2cc(Cl)c(C)cc2S(=O)(=O)/N=C(\N)N/N=C/C#Cc2ccccc2)c1,1,511.0720000000002,4.879640000000004,4,2
CHEMBL475258,COc1ccc(CSCCN(CCSCc2ccc(OC)cc2)CC(=O)Nc2c[nH]c(=O)[nH]c2=O)cc1,1,544.6990000000002,3.1877000000000004,8,3
CHEMBL3804852,COc1ccc(-c2nn(-c3ccccc3)cc2C(=O)/C=C\Nc2ccc(F)cc2)cc1,1,413.45200000000006,5.495500000000003,5,1
CHEMBL4173187,COc1cc(/C=C\c2cccc(OC)c2SC)cc(OC)c1OC,1,346.4480000000001,4.613300000000005,5,0
CHEMBL4103370,Clc1ccc(-c2nnc(Cc3nc4ccccc4[nH]3)o2)cc1,1,310.744,3.8571000000000017,4,1
CHEMBL4083138,CCC(=O)Nc1cc2c(s1)C(=O)c1ccccc1C2=O,1,285.324,2.8720000000000008,4,1
CHEMBL17329,COC(=O)/C=C/c1cc(O)ccc1O,1,194.186,1.2839999999999998,4,2
CHEMBL2437025,CCC(CC)(c1ccc(OCC(O)C(C)(C)C)c(C)c1)c1ccc(C(=O)NCC(=O)O)n1C,1,458.59900000000016,4.039820000000002,5,3
CHEMBL4174601,Cc1cc(S(=O)(=O)/N=C(\N)n2nccc2-c2ccccc2)c(SCc2cccc(Cl)c2)cc1Cl,1,531.4900000000002,6.009320000000004,5,1
CHEMBL3633644,COc1ccc(CNC(=O)CC2c3cccc(O)c3C(=O)c3c(O)cccc32)c(OC)c1,1,433.4600000000002,3.4978000000000025,6,3
CHEMBL1079645,COc1c(Cl)c(C)c2c(c1Cl)OC(=O)c1c(C)c(Cl)c(O)c(Cl)c1O2,1,424.06300000000016,5.956140000000003,5,1
CHEMBL3823367,CNC1=CC(=O)C=C(C(C)(C)C)C1=O,1,193.24599999999998,1.214,3,1
CHEMBL4169946,COc1ccc(-c2ocnc2-c2cc(Br)c(OC)c(OC)c2)cc1OC,1,420.2590000000002,4.805500000000004,6,0
CHEMBL4569363,CCCCCCCCCCCCCC[C@@H](OP(=O)(O)O)[C@@H](O)CC[C@@H](O)[C@@H](O)CC[C@@H](O)CCCCCCC(=O)NCC(=O)O,1,669.834,5.100900000000004,8,8
CHEMBL4483388,CCCCCCCCCCCCCC[C@@H](OP(=O)(O)O)[C@@H](O)CCCO,1,396.5050000000001,4.688900000000007,4,4
CHEMBL1079644,COC(=O)c1c(Oc2c(C)c(Cl)c(OC)c(Cl)c2O)cc(OC)c(Cl)c1C,1,435.6870000000001,5.565340000000003,6,1
CHEMBL2012335,CC(C(=O)NNC(=O)NC(c1ccccc1)c1ccccc1)c1cccc(Oc2ccccc2)c1,1,465.55300000000017,5.702400000000004,3,3
CHEMBL4570623,COC1=CC(=O)c2c(O)c3c(c(O)c2C1=O)[C@@H]1O[C@@H](C)C[C@@H]1OC3=O,1,346.2910000000001,1.3959999999999997,8,2
CHEMBL4160289,Cc1cccc(CSc2cc(Cl)c(C)cc2S(=O)(=O)/N=C(\N)n2nccc2-c2ccccc2)c1,1,511.0720000000002,5.664340000000005,5,1
CHEMBL470649,COC(=O)c1c(C)cc(O)c(C=O)c1O,1,210.185,1.0053199999999998,5,2
CHEMBL4754158,CC(c1ccc(N2CCN(C)CC2)cc1)c1ccc2c(c1)Nc1ccccc1S2,1,401.57900000000006,5.798400000000005,4,1
CHEMBL1075999,COC(=O)[C@@]12Oc3ccc(-c4ccc5c(c4O)C(=O)C4=C(O)C[C@H](C)[C@H](O)[C@]4(C(=O)OC)O5)c(O)c3C(=O)C1=C(O)C[C@H](C)[C@@H]2O,1,638.5780000000003,2.1641999999999997,14,6
CHEMBL4589821,O=C(O)CNC(=O)CCCCCC[C@H](O)CCCO,1,275.34499999999997,0.6611999999999989,4,4
CHEMBL4167528,Cc1cc(-c2ccccc2)n(/C(N)=N/S(=O)(=O)c2cc(C)c(Cl)cc2SCc2ccccc2)n1,1,511.0720000000002,5.664340000000005,5,1
CHEMBL4435217,O=Cc1c(O)ccc2oc(-c3cccc4ccccc34)nc12,0,289.29,4.166100000000002,4,1
CHEMBL4175660,Cc1cc(-c2ccccc2)n(/C(N)=N/S(=O)(=O)c2cc(C)c(Cl)cc2SCc2ccc(Cl)cc2)n1,0,545.5170000000002,6.317740000000004,5,1
CHEMBL3823559,CCCCNC1=CC(=O)C=C(C(C)(C)C)C1=O,0,235.32699999999994,2.3843000000000005,3,1
CHEMBL4167792,Cc1cc(S(=O)(=O)/N=C(\N)n2nccc2-c2ccccc2)c(SCc2cccc3ccccc23)cc1Cl,0,547.1050000000002,6.509120000000005,5,1
CHEMBL4089650,CCc1noc(-c2cc3c(s2)C(=O)C=CC3=O)n1,0,260.27399999999994,2.2957,6,0
CHEMBL2012341,CC(C(=O)NNC(=O)NC(c1ccccc1)c1ccccc1)c1cccc(Cc2ccccc2)c1,0,463.5810000000002,5.500900000000004,2,3
CHEMBL4439841,O=Cc1c(O)ccc2oc(-c3ccccc3Cl)nc12,0,273.675,3.6663000000000006,4,1
CHEMBL4171157,Cc1cc(S(=O)(=O)/N=C(\N)n2nccc2-c2ccccc2)c(SCc2ccc(Cl)cc2)cc1Cl,0,531.4900000000002,6.009320000000004,5,1
CHEMBL2012338,CC(C(=O)NNC(=O)NCC1CCCCC1)c1cccc(Cc2ccccc2)c1,0,393.53100000000006,4.291600000000003,2,3
CHEMBL4172242,Cc1cc(-c2ccccc2)n(/C(N)=N/S(=O)(=O)c2cc(C)c(Cl)cc2SCc2cccc3ccccc23)n1,0,561.1320000000002,6.8175400000000055,5,1
CHEMBL4452742,Cc1ccccc1-c1nc2c(C=O)c(O)ccc2o1,0,253.257,3.321320000000002,4,1
CHEMBL4066118,c1ccc2c(Cc3nnc(Cc4nc5ccccc5[nH]4)o3)cccc2c1,0,340.386,4.280700000000003,4,1
CHEMBL2012329,CC(C)Cc1ccc(C(C)C(=O)NNC(=O)NC(c2ccccc2)c2ccccc2)cc1,0,429.5640000000001,5.1086000000000045,2,3
CHEMBL4162502,COc1cc(/C=C\c2ccccc2SC)cc(OC)c1OC,0,316.4220000000001,4.604700000000004,4,0
CHEMBL4062198,CCc1noc(-c2ccc3c(c2)C(=O)C=CC3=O)n1,0,254.24499999999998,2.2341999999999995,5,0
CHEMBL4588490,COC1=CC(=O)c2c(O)c3c(c(O)c2C1=O)C[C@H](C)OC3=O,0,304.254,1.1085,7,2
CHEMBL52765,Nc1ccc2ncnc(Nc3cccc(Br)c3)c2c1,0,315.17400000000004,3.7181000000000015,4,2
CHEMBL4082391,CCc1nnc(-c2cc3c(s2)C(=O)c2ccccc2C3=O)s1,0,326.40200000000004,3.604400000000002,6,0
CHEMBL2012334,CC(C(=O)NNC(=O)NCCc1ccccc1)c1cccc(Oc2ccccc2)c1,0,403.4820000000001,4.1555000000000035,3,3
CHEMBL1255829,CCOc1cc(/C=C2\CN(C(=O)CCC(=O)NCCCNCCCN)C/C(=C\c3ccc(O)c(OCC)c3)C2=O)ccc1O,0,608.7360000000004,2.9984000000000015,9,5
CHEMBL1255826,COc1cc(/C=C2\CN(C(=O)CCC(=O)NCCCNCCCCNCCCN)C/C(=C\c3ccc(O)c(OC)c3)C2=O)ccc1O,0,651.8050000000004,2.588000000000003,10,6
CHEMBL4128319,Cc1cc(S(=O)(=O)/N=C(\N)N/N=C/C#Cc2ccccc2)c(SCc2cccc(C(F)(F)F)c2)cc1Cl,0,565.0420000000001,5.5900200000000035,4,2
CHEMBL4060676,NS(=O)(=O)c1cc(-c2nnc(/C=C/c3cccc(Cl)c3)o2)c(Cl)cc1SCc1ccccc1,0,518.4470000000002,6.153500000000005,6,1
CHEMBL1255827,CCOc1cc(/C=C2\CN(C(=O)CCC(=O)NCCCNCCCCNCCCN)C/C(=C\c3ccc(O)c(OCC)c3)C2=O)ccc1O,0,679.8590000000004,3.368200000000003,10,6
CHEMBL3822613,CCCCNC1=CC(=O)C=C(C[C@]2(C)[C@@H](C)CC[C@]3(C)C(C)=CCC[C@@H]23)C1=O,0,383.57600000000014,5.527100000000005,3,1
CHEMBL2012340,CC(C(=O)NNC(=O)NCCc1ccccc1)c1cccc(Cc2ccccc2)c1,0,401.5100000000001,3.9540000000000033,2,3
CHEMBL4128488,C/C(C#Cc1ccccc1)=N\N/C(N)=N/S(=O)(=O)c1cc(C)c(Cl)cc1SCc1ccc(Cl)cc1,0,545.5170000000003,5.614720000000005,4,2
CHEMBL2437041,CCC(CC)(c1ccc(OCC(O)C(C)(C)C)c(C)c1)c1ccc(C(=O)N[C@@H](C)CO)n1C,0,458.64300000000014,4.336020000000003,5,3
CHEMBL3805533,O=C(/C=C\Nc1ccc(O)cc1)c1cn(-c2ccccc2)nc1-c1ccc(F)cc1,0,399.4250000000001,5.192500000000003,5,2
CHEMBL3810177,O=C(CCCN=C=S)Nc1ccc2ncnc(Nc3cccc(Br)c3)c2c1,0,442.3420000000001,4.957400000000003,6,2
CHEMBL3810326,O=C(CCCCCN=C=S)Nc1ccc2ncnc(Nc3cccc(Br)c3)c2c1,0,470.39600000000013,5.737600000000004,6,2
CHEMBL4174645,COc1cc(-c2ncoc2-c2cc(Br)c(SC)c(OC)c2)cc(OC)c1OC,0,466.35300000000024,5.5274000000000045,7,0
CHEMBL4126966,Cc1cc(S(=O)(=O)/N=C(\N)N/N=C/C#Cc2ccccc2)c(SCc2ccccc2C)cc1Cl,0,511.07200000000023,4.879640000000004,4,2
CHEMBL4129301,Cc1cc(S(=O)(=O)/N=C(\N)N/N=C/C#Cc2ccccc2)c(SCc2cccc(Cl)c2)cc1Cl,0,531.4900000000002,5.224620000000003,4,2
CHEMBL3823456,CCCCCCCCNC1=CC(=O)C=C(C[C@]2(C)[C@@H](C)CC[C@]3(C)C(C)=CCC[C@@H]23)C1=O,0,439.6840000000003,7.087500000000008,3,1
CHEMBL3808664,O=C(CCCCCCN=C=S)Nc1ccc2ncnc(Nc3cccc(Br)c3)c2c1,0,484.4230000000002,6.1277000000000035,6,2
CHEMBL1255828,COc1cc(/C=C2\CN(C(=O)CCC(=O)NCCCNCCCN)C/C(=C\c3ccc(O)c(OC)c3)C2=O)ccc1O,0,580.6820000000004,2.218200000000001,9,5
CHEMBL4437948,O=Cc1c(O)ccc2oc(-c3cccc(Cl)c3)nc12,0,273.675,3.6663000000000006,4,1
CHEMBL4525564,COc1cc(OC)cc(-c2nc3c(C=O)c(O)ccc3o2)c1,0,299.28200000000004,3.030100000000001,6,1
CHEMBL3805190,COc1cc(-c2nn(-c3ccccc3)cc2C(=O)/C=C\Nc2ccc(O)cc2)cc(OC)c1OC,0,471.51300000000026,5.079200000000005,8,2
CHEMBL4170039,Cc1cc(-c2ccccc2)n(/C(N)=N/S(=O)(=O)c2cc(C)c(Cl)cc2SCc2ccc(C(F)(F)F)cc2)n1,0,579.0690000000002,6.683140000000004,5,1
CHEMBL4171952,Cc1cc(S(=O)(=O)/N=C(\N)n2nccc2-c2ccccc2)c(SCc2ccccc2)cc1Cl,0,497.0450000000002,5.355920000000004,5,1
CHEMBL3809481,O=C(CCCCN=C=S)Nc1ccc2ncnc(Nc3cccc(Br)c3)c2c1,0,456.36900000000014,5.347500000000004,6,2
CHEMBL4126254,C/C(C#Cc1ccccc1)=N\N/C(N)=N/S(=O)(=O)c1cc(C)c(Cl)cc1SCc1ccccc1C(F)(F)F,0,579.0690000000004,5.980120000000004,4,2
CHEMBL4175391,Cc1cc(S(=O)(=O)/N=C(\N)n2nccc2-c2ccccc2)c(SCc2ccccc2C)cc1Cl,0,511.07200000000023,5.664340000000004,5,1
CHEMBL4160560,Cc1cc(-c2ccccc2)n(/C(N)=N/S(=O)(=O)c2cc(C)c(Cl)cc2SCc2cccc(Cl)c2)n1,0,545.5170000000002,6.317740000000004,5,1
CHEMBL2012330,CC(C(=O)NNC(=O)NC1CCCC1)c1cccc(Oc2ccccc2)c1,0,367.44900000000007,3.855400000000003,3,3
CHEMBL4161320,Cc1cc(S(=O)(=O)/N=C(\N)n2nccc2-c2ccccc2)c(SCc2cccc(C(F)(F)F)c2)cc1Cl,0,565.0420000000001,6.374720000000004,5,1
CHEMBL2012331,CC(C(=O)NNC(=O)NC1CCCCC1)c1cccc(Oc2ccccc2)c1,0,381.47600000000006,4.245500000000003,3,3
CHEMBL4164739,Cc1cc(S(=O)(=O)/N=C(\N)n2nccc2-c2ccccc2)c(SCc2ccc(C(F)(F)F)cc2)cc1Cl,0,565.0420000000001,6.374720000000004,5,1
CHEMBL3808661,O=C(CCN=C=S)Nc1ccc2ncnc(Nc3cccc(Br)c3)c2c1,0,428.3150000000001,4.567300000000002,6,2
CHEMBL3805804,COc1ccc(N/C=C\C(=O)c2cn(-c3ccccc3)nc2-c2ccc(F)cc2)cc1,0,413.4520000000001,5.495500000000003,5,1
CHEMBL4083493,Clc1ccc2nc(Cc3nnc(-c4ccccc4Cl)o3)[nH]c2c1,0,345.189,4.510500000000001,4,1
CHEMBL4064707,NS(=O)(=O)c1cc(-c2nnc(/C=C/c3ccccc3)o2)c(Cl)cc1SCc1ccccc1,0,484.0020000000002,5.500100000000004,6,1
CHEMBL4575888,O=Cc1c(O)ccc2oc(-c3ccccc3[N+](=O)[O-])nc12,0,284.22700000000003,2.921100000000001,6,1
CHEMBL4127649,Cc1cc(S(=O)(=O)/N=C(\N)N/N=C/C#Cc2ccccc2)c(SCc2cc3c(cc2Cl)OCO3)cc1Cl,0,575.4990000000003,4.953320000000003,6,2
CHEMBL2012332,CC(C(=O)NNC(=O)NCC1CCCCC1)c1cccc(Oc2ccccc2)c1,0,395.50300000000004,4.493100000000004,3,3
CHEMBL4159114,COc1cc(/C(=C\c2ccccc2SC)C(=O)O)cc(OC)c1OC,0,360.43100000000015,4.0595000000000026,5,1
CHEMBL4169763,COc1cc(/C(=C\c2cccc(OC)c2SC)C(=O)O)cc(OC)c1OC,0,390.45700000000016,4.068100000000003,6,1
CHEMBL4176429,Cc1cc(S(=O)(=O)/N=C(\N)n2nccc2-c2ccccc2)c(SCc2ccccc2C(F)(F)F)cc1Cl,0,565.0420000000001,6.3747200000000035,5,1
CHEMBL4173047,Cc1ccc(CSc2cc(Cl)c(C)cc2S(=O)(=O)/N=C(\N)n2nccc2-c2ccccc2)cc1,0,511.07200000000023,5.664340000000005,5,1
CHEMBL4171002,COc1cc(-c2ncn(C)c2-c2cc(Br)c(SC)c(OC)c2)cc(OC)c1OC,0,479.3960000000003,5.272900000000005,7,0
CHEMBL4163086,COc1cc(-c2c(-c3cc(Br)c(OC)c(OC)c3)ncn2C)ccc1SC,0,449.3700000000001,5.264300000000004,6,0
CHEMBL4159415,Cc1cc(S(=O)(=O)/N=C(\N)n2nccc2-c2ccccc2)c(SCc2ccccc2Cl)cc1Cl,0,531.4900000000002,6.009320000000003,5,1
CHEMBL4176555,COc1cc(-c2ncoc2-c2ccccc2SC)cc(OC)c1OC,0,357.43100000000015,4.756300000000004,6,0
CHEMBL4174436,COc1cc(-c2ncn(C)c2-c2ccccc2SC)cc(OC)c1OC,0,370.47400000000016,4.501800000000004,6,0
CHEMBL4167626,COc1ccc(-c2c(-c3cc(Br)c(OC)c(OC)c3)ncn2C)cc1SC,0,449.3700000000002,5.264300000000004,6,0
CHEMBL3805083,COc1ccc(-c2nn(-c3ccccc3)cc2C(=O)/C=C\Nc2ccc(Cl)cc2)cc1,0,429.90700000000004,6.009800000000004,5,1
CHEMBL3823611,CC(C)(C)C1=CC(=O)C=C(NCc2ccccc2)C1=O,0,269.344,2.7844000000000015,3,1
CHEMBL3805065,COc1cc(N/C=C\C(=O)c2cn(-c3ccccc3)nc2-c2cc(OC)c(OC)c(OC)c2)cc(OC)c1OC,0,545.5920000000003,5.399400000000005,10,1
CHEMBL3805698,O=C(/C=C\Nc1ccc(Cl)cc1)c1cn(-c2ccccc2)nc1-c1ccc(F)cc1,0,417.8710000000001,6.140300000000004,4,1
CHEMBL3613551,COc1ccc(-c2nn(-c3ccccc3)cc2-c2nc3cc(C)c(C)cc3[nH]2)cc1,0,394.4780000000002,5.708040000000005,4,1
CHEMBL3613527,Fc1ccc(-c2nn(-c3ccccc3)cc2-c2nc3cc(Br)ccc3[nH]2)cc1,0,433.2840000000001,5.984200000000003,3,1
CHEMBL116438,COc1cc(/C=C/C(=O)/C=C(O)/C=C/c2ccc(O)c(OC)c2)ccc1O,0,368.3850000000001,3.852600000000003,6,3
CHEMBL3805721,O=C(/C=C\Nc1ccc(O)cc1)c1cn(-c2ccccc2)nc1-c1ccc(Cl)cc1,0,415.8800000000001,5.706800000000004,5,2
CHEMBL4129553,Cc1cc(S(=O)(=O)/N=C(\N)N/N=C/C#Cc2ccccc2)c(SCc2ccccc2C(F)(F)F)cc1Cl,0,565.0420000000001,5.5900200000000035,4,2
CHEMBL3822555,CC(C)(C)C1=CC(=O)C=C(NCCc2ccccc2)C1=O,0,283.37100000000004,2.826900000000001,3,1
CHEMBL3823949,CC1=CCC[C@H]2[C@](C)(CC3=CC(=O)C=C(NCCc4ccccc4)C3=O)[C@@H](C)CC[C@]12C,0,431.62000000000023,5.969700000000006,3,1
CHEMBL4079125,Clc1ccc(-c2nnc(Cc3nc4ccccc4[nH]3)o2)c(Cl)c1,0,345.1890000000001,4.510500000000001,4,1
CHEMBL3805690,O=C(/C=C\Nc1ccc(Cl)cc1)c1cn(-c2ccccc2)nc1-c1ccc(Cl)cc1,0,434.32600000000014,6.654600000000005,4,1
CHEMBL4084996,Clc1ccc(-c2nnc(Cc3nc4ccc(Cl)cc4[nH]3)o2)cc1,0,345.189,4.510500000000002,4,1
CHEMBL2012339,CC(C(=O)NNC(=O)NCc1ccccc1)c1cccc(Cc2ccccc2)c1,0,387.4830000000001,3.911500000000003,2,3
CHEMBL4094471,Clc1ccccc1-c1nnc(Cc2nc3ccccc3[nH]2)o1,0,310.74399999999997,3.8571000000000017,4,1
CHEMBL2012337,CC(C(=O)NNC(=O)NC1CCCCC1)c1cccc(Cc2ccccc2)c1,0,379.5040000000001,4.044000000000003,2,3
CHEMBL4125854,Cc1cc(S(=O)(=O)/N=C(\N)N/N=C/C#Cc2ccccc2)c(SCc2ccccc2Cl)cc1Cl,0,531.4900000000002,5.224620000000003,4,2
CHEMBL3805111,COc1cc(-c2nn(-c3ccccc3)cc2C(=O)/C=C\Nc2ccc(F)cc2)cc(OC)c1OC,0,473.50400000000025,5.512700000000005,7,1
CHEMBL2012326,CC(C)Cc1ccc(C(C)C(=O)NNC(=O)NCC2CCCCC2)cc1,0,359.5140000000002,3.899300000000003,2,3
CHEMBL3806140,O=C(/C=C\Nc1ccc(Cl)cc1)c1cn(-c2ccccc2)nc1-c1ccccc1,0,399.8810000000001,6.001200000000004,4,1
CHEMBL3822650,CNC1=CC(=O)C(C(C)(C)C)=CC1=O,0,193.24599999999998,1.214,3,1
CHEMBL3823736,CC(C)(C)C1=CC(=O)C(NCc2ccccc2)=CC1=O,0,269.344,2.7844000000000015,3,1
CHEMBL2437053,CCC(CC)(c1ccc(OCC(=O)C(C)(C)C)c(C)c1)c1ccc(C(=O)NCCC(=O)OC)n1C,0,484.6370000000002,4.726520000000004,6,1
CHEMBL464443,O=C1C=CC[C@H](/C=C/c2ccccc2)O1,0,200.23700000000002,2.5715000000000003,2,0
CHEMBL3613522,Clc1cc2nc(-c3cn(-c4ccccc4)nc3-c3ccccc3)[nH]c2cc1Cl,0,405.288,6.389400000000004,3,1
CHEMBL4062587,CCc1noc(-c2ccc(C(=O)c3ccccc3)s2)n1,0,284.34,3.5915000000000017,5,0
CHEMBL4086557,O=C(/C=C/c1cc2c(s1)C(=O)c1ccccc1C2=O)c1ccccc1,0,344.3910000000001,4.4196000000000035,4,0
CHEMBL3823537,CCNC1=CC(=O)C=C(C(C)(C)C)C1=O,0,207.27299999999994,1.6041,3,1
CHEMBL4748307,Cc1ccc(S(=O)(=O)N2CCN(C(=O)c3cn(Cc4ccc(F)cc4)nn3)CC2)cc1,0,443.5040000000002,1.92062,6,0
CHEMBL4795830,O=C(c1cn(Cc2cccc(Oc3ccccc3)c2)nn1)N1CCN(S(=O)(=O)c2ccccc2)CC1,0,503.5840000000003,3.2654000000000014,7,0
CHEMBL4097944,O=C(O)c1cc2c(s1)C(=O)c1ccccc1C2=O,0,258.254,2.2217000000000002,4,1
CHEMBL4757392,Cc1ccc(S(=O)(=O)N2CCN(C(=O)c3cn(Cc4ccccc4)nn3)CC2)cc1,0,425.5140000000002,1.7815199999999998,6,0
CHEMBL4749517,COc1ccc(S(=O)(=O)N2CCN(C(=O)c3cn(Cc4ccccc4)nn3)CC2)cc1,0,441.51300000000015,1.4816999999999991,7,0
CHEMBL4082735,CCc1noc(-c2ccc(C(C)=O)cc2)n1,0,216.23999999999998,2.5016000000000007,4,0
CHEMBL4101132,Nc1cc2c(s1)C(=O)c1ccccc1C2=O,0,229.26,2.1056999999999997,4,1
CHEMBL3823437,CCCCCCCCNC1=CC(=O)C=C(C(C)(C)C)C1=O,0,291.43500000000006,3.9447000000000028,3,1
CHEMBL4753031,Cc1ccc(S(=O)(=O)N2CCN(C(=O)c3cn(Cc4cccc(Oc5ccccc5)c4)nn3)CC2)cc1,0,517.6110000000003,3.573820000000002,7,0
CHEMBL4786597,CC(C)(C)c1ccc(S(=O)(=O)N2CCN(C(=O)c3cn(Cc4ccc(F)cc4)nn3)CC2)cc1,0,485.58500000000015,2.9097000000000017,6,0
CHEMBL4078713,O=C1c2ccccc2C(=O)c2sc(/C=N/Nc3ccccc3)cc21,0,332.384,3.969500000000002,5,1
CHEMBL4778473,O=C(c1cn(Cc2ccccc2)nn1)N1CCN(S(=O)(=O)c2ccccc2)CC1,0,411.4870000000002,1.4730999999999996,6,0
CHEMBL4759416,CC(C)(C)c1ccc(S(=O)(=O)N2CCN(C(=O)c3cn(Cc4ccccc4)nn3)CC2)cc1,0,467.59500000000014,2.7706000000000017,6,0
CHEMBL3805422,COc1cc(-c2nn(-c3ccccc3)cc2C(=O)/C=C\Nc2ccc(Cl)cc2)cc(OC)c1OC,0,489.9590000000003,6.0270000000000055,7,1
CHEMBL4749915,O=C(c1cn(Cc2ccccc2)nn1)N1CCN(S(=O)(=O)c2ccc(Br)cc2)CC1,0,490.3830000000002,2.2356,6,0
CHEMBL4749409,Cc1ccc(S(=O)(=O)N2CCN(C(=O)c3cn(Cc4ccc(I)cc4)nn3)CC2)cc1,0,551.4100000000001,2.386120000000001,6,0
CHEMBL4797276,O=C(c1cn(Cc2ccccc2)nn1)N1CCN(S(=O)(=O)c2ccc(Cl)cc2)CC1,0,445.93200000000024,2.1265,6,0
CHEMBL4071233,CCc1noc(-c2ccc3c(=O)c4ccccc4oc3c2)n1,0,292.294,3.558600000000002,5,0
CHEMBL4096737,CN/N=C/c1cc2c(s1)C(=O)c1ccccc1C2=O,0,270.313,2.0768000000000004,5,1
CHEMBL4079736,CCc1noc(-c2cc3c(OC)ccc(OC)c3s2)n1,0,290.34399999999994,3.5309000000000017,6,0
CHEMBL4098285,CCc1noc(-c2ccc3sc4ccccc4c(=O)c3c2)n1,0,308.362,4.0271000000000035,5,0
CHEMBL4759457,COc1cccc(Cn2cc(C(=O)N3CCN(S(=O)(=O)c4ccccc4)CC3)nn2)c1,0,441.51300000000015,1.4817,7,0
CHEMBL4104457,CC(=O)/C=C/c1cc2c(s1)C(=O)c1ccccc1C2=O,0,282.32,3.125700000000002,4,0
CHEMBL4800070,COc1cccc(Cn2cc(C(=O)N3CCN(S(=O)(=O)c4ccc(C(C)(C)C)cc4)CC3)nn2)c1,0,497.62100000000027,2.7792000000000012,7,0
CHEMBL4456946,O=Cc1c(O)ccc2oc(-c3ccco3)nc12,0,229.19099999999997,2.6059,5,1
CHEMBL4787581,COc1ccc(S(=O)(=O)N2CCN(C(=O)c3cn(Cc4cccc(OC)c4)nn3)CC2)cc1,0,471.5390000000002,1.490299999999999,8,0
CHEMBL4100731,CCc1noc(-c2cc(C(C)=O)cs2)n1,0,222.26899999999998,2.5631000000000004,5,0
CHEMBL4061113,CCc1noc(-c2cc3c(OC)c4ccccc4cc3s2)n1,0,310.378,4.675500000000002,5,0
CHEMBL4105543,CCc1nc(-c2ccc3c(c2)C(=O)c2ccccc2C3=O)no1,0,304.30500000000006,3.0744000000000016,5,0
CHEMBL4168564,Cc1ccc(CSc2cc(Cl)c(C)cc2S(=O)(=O)/N=C(\N)n2nc(C)cc2-c2ccccc2)cc1,0,525.0990000000003,5.972760000000005,5,1
CHEMBL4078834,CCc1noc(-c2ccccc2)n1,0,174.203,2.2990000000000004,3,0
CHEMBL4578835,CC(=O)c1c(O)ccc2oc(-c3ccccc3)nc12,0,253.25699999999998,3.4030000000000022,4,1
CHEMBL4081774,CCc1noc(-c2cc3oc4ccccc4c(=O)c3s2)n1,0,298.323,3.6201000000000016,6,0
CHEMBL4762393,O=C(c1cn(Cc2ccc(F)cc2)nn1)N1CCN(S(=O)(=O)c2ccccc2)CC1,0,429.47700000000015,1.6122,6,0
CHEMBL4094314,O=C1c2ccccc2C(=O)c2sc(-c3nnn[nH]3)cc21,0,282.284,1.7035999999999998,6,1
CHEMBL4083919,CCc1noc(C2=CC(=O)c3ccccc3C2=O)n1,0,254.24499999999998,2.0946,5,0
CHEMBL4762236,COc1cccc(Cn2cc(C(=O)N3CCN(S(=O)(=O)c4ccc(Br)cc4)CC3)nn2)c1,0,520.4090000000002,2.2442,7,0
CHEMBL4067075,CCc1noc(-c2cc3ccccc3s2)n1,0,230.292,3.513700000000002,4,0
CHEMBL4753243,COc1cccc(Cn2cc(C(=O)N3CCN(S(=O)(=O)c4ccc(Cl)cc4)CC3)nn2)c1,0,475.9580000000002,2.1351000000000004,7,0
CHEMBL4786443,COc1ccc(S(=O)(=O)N2CCN(C(=O)c3cn(Cc4ccc(I)cc4)nn3)CC2)cc1,0,567.4089999999999,2.0862999999999996,7,0
CHEMBL4080480,CCc1noc(-c2ccc3ccccc3c2)n1,0,224.263,3.452200000000002,3,0
CHEMBL4103110,CCc1noc(-c2cccs2)n1,0,180.232,2.3605,4,0
CHEMBL4779804,COc1ccc(S(=O)(=O)N2CCN(C(=O)c3cn(Cc4ccc(F)cc4)nn3)CC2)cc1,0,459.50300000000016,1.6207999999999991,7,0
CHEMBL4750350,O=C(c1cn(Cc2ccc(F)cc2)nn1)N1CCN(S(=O)(=O)c2ccc(Cl)cc2)CC1,0,463.92200000000014,2.2656,6,0
CHEMBL4781556,O=C(c1cn(Cc2ccc(F)cc2)nn1)N1CCN(S(=O)(=O)c2ccc(Br)cc2)CC1,0,508.37300000000016,2.3747000000000007,6,0
CHEMBL4104713,CCc1noc(-c2ccc3c(c2)C(=O)c2ccccc2C3=O)n1,0,304.30500000000006,3.0744000000000007,5,0
CHEMBL4752115,O=C(c1cn(Cc2ccc(I)cc2)nn1)N1CCN(S(=O)(=O)c2ccccc2)CC1,0,537.3830000000002,2.0776999999999997,6,0
CHEMBL4069014,O=C1c2ccccc2C(=O)c2sc(-c3nnc(-c4ccccc4)o3)cc21,0,358.37800000000004,4.240500000000003,6,0
CHEMBL4089280,CCc1noc(-c2cc3cc4ccccc4cc3s2)n1,0,280.352,4.666900000000002,4,0
CHEMBL3806129,COc1ccc(N/C=C\C(=O)c2cn(-c3ccccc3)nc2-c2ccc(Cl)cc2)cc1,0,429.90700000000015,6.009800000000004,5,1
CHEMBL4083697,NS(=O)(=O)c1cc(-c2nnc(/C=C/c3ccc(Br)cc3)o2)c(Cl)cc1SCc1ccccc1,0,562.8980000000003,6.262600000000004,6,1
CHEMBL4090323,Fc1ccc(-c2nnc(Cc3nc4ccccc4[nH]3)o2)cc1,0,294.28900000000004,3.3428000000000013,4,1
CHEMBL4091284,Clc1ccc2nc(Cc3nnc(Cc4ccccc4)o3)[nH]c2c1,0,324.771,3.7809000000000017,4,1
CHEMBL3806062,COc1cc(N/C=C\C(=O)c2cn(-c3ccccc3)nc2-c2ccc(F)cc2)cc(OC)c1OC,0,473.50400000000025,5.512700000000005,7,1
CHEMBL3805637,O=C(/C=C\Nc1ccc(F)cc1)c1cn(-c2ccccc2)nc1-c1ccccc1,0,383.4260000000001,5.486900000000004,4,1
CHEMBL3805926,COc1ccc(-c2nn(-c3ccccc3)cc2C(=O)/C=C\Nc2ccc(O)cc2)cc1,0,411.46100000000007,5.062000000000004,6,2
CHEMBL3805521,COc1cc(N/C=C\C(=O)c2cn(-c3ccccc3)nc2-c2ccccc2)cc(OC)c1OC,0,455.51400000000024,5.373600000000005,7,1
CHEMBL3613520,FC(F)(F)c1ccc2[nH]c(-c3cn(-c4ccccc4)nc3-c3ccccc3)nc2c1,0,404.3950000000001,6.101400000000004,3,1
CHEMBL464645,CC1=CCC[C@H]2[C@](C)(CC3=CC(=O)C=CC3=O)[C@@H](C)CC[C@]12C,0,312.45300000000015,4.809700000000005,2,0
CHEMBL4129304,C/C(C#Cc1ccccc1)=N\N/C(N)=N/S(=O)(=O)c1cc(C)c(Cl)cc1SCc1ccccc1,0,511.07200000000023,4.961320000000003,4,2
CHEMBL4175361,Cc1cc(-c2ccccc2)n(/C(N)=N/S(=O)(=O)c2cc(C)c(Cl)cc2SCc2cccc(C(F)(F)F)c2)n1,0,579.0690000000003,6.683140000000004,5,1
CHEMBL4203226,COC1OC(=O)C(Cl)=C1Nc1ccc(-c2ccccc2)cc1,0,315.75600000000003,3.7452000000000023,4,1
CHEMBL3613539,FC(F)(F)c1ccc2[nH]c(-c3cn(-c4ccccc4)nc3-c3ccc(Cl)cc3)nc2c1,0,438.84000000000015,6.754800000000004,3,1
CHEMBL4204988,CCOC1OC(=O)C(Cl)=C1Nc1ccc(-c2ccc(N)cc2)cc1,0,344.79800000000006,3.717500000000001,5,2
CHEMBL3805856,O=C(/C=C\Nc1ccc(O)cc1)c1cn(-c2ccccc2)nc1-c1ccccc1,0,381.4350000000001,5.0534000000000034,5,2
CHEMBL3613532,Fc1ccc(-c2nn(-c3ccccc3)cc2-c2nc3cc(Cl)c(Cl)cc3[nH]2)cc1,0,423.2780000000002,6.528500000000002,3,1
CHEMBL4860238,Cc1ccc(/N=N/N(C)C(=O)CCc2ccc(O)cc2)cc1,0,297.358,3.7905200000000026,4,1
CHEMBL2012333,CC(C(=O)NNC(=O)NCc1ccccc1)c1cccc(Oc2ccccc2)c1,0,389.4550000000001,4.113000000000003,3,3
CHEMBL3805490,COc1cc(N/C=C\C(=O)c2cn(-c3ccccc3)nc2-c2ccc(Cl)cc2)cc(OC)c1OC,0,489.9590000000003,6.0270000000000055,7,1
CHEMBL1824860,C[C@@]12CO[C@H](c3ccc(O)cc3)O[C@@H]1CC[C@@]1(C)[C@H]2CC[C@H]2C[C@@H]3C[C@@]21CC[C@]3(O)CO,0,442.59600000000034,4.552400000000005,5,3
CHEMBL3805548,COc1ccc(N/C=C\C(=O)c2cn(-c3ccccc3)nc2-c2cc(OC)c(OC)c(OC)c2)cc1,0,485.5400000000003,5.3822000000000045,8,1
CHEMBL3613515,Fc1ccc2[nH]c(-c3cn(-c4ccccc4)nc3-c3ccccc3)nc2c1,0,354.38800000000003,5.221700000000003,3,1
CHEMBL3806086,O=C(/C=C\Nc1ccc(C(F)(F)F)cc1)c1cn(-c2ccccc2)nc1-c1ccc(F)cc1,0,451.4230000000001,6.5057000000000045,4,1
CHEMBL3805015,COc1ccc(N/C=C\C(=O)c2cn(-c3ccccc3)nc2-c2ccccc2)cc1,0,395.4620000000001,5.356400000000004,5,1
CHEMBL3613516,Clc1ccc2[nH]c(-c3cn(-c4ccccc4)nc3-c3ccccc3)nc2c1,0,370.8430000000001,5.736000000000004,3,1
CHEMBL3805024,COc1ccc(-c2nn(-c3ccccc3)cc2C(=O)/C=C\Nc2cc(OC)c(OC)c(OC)c2)cc1,0,485.54000000000025,5.3822000000000045,8,1
CHEMBL3613550,COc1ccc(-c2nn(-c3ccccc3)cc2-c2nc3cc(C)ccc3[nH]2)cc1,0,380.45100000000014,5.399620000000004,4,1
CHEMBL3613547,COc1ccc(-c2nn(-c3ccccc3)cc2-c2nc3cc(Br)ccc3[nH]2)cc1,0,445.3200000000001,5.8537000000000035,4,1
CHEMBL3613531,Cc1cc2nc(-c3cn(-c4ccccc4)nc3-c3ccc(F)cc3)[nH]c2cc1C,0,382.4420000000001,5.838540000000004,3,1
CHEMBL3613545,COc1ccc(-c2nn(-c3ccccc3)cc2-c2nc3cc(F)ccc3[nH]2)cc1,0,384.4140000000001,5.230300000000003,4,1
CHEMBL3613540,Cc1ccc2[nH]c(-c3cn(-c4ccccc4)nc3-c3ccc(Cl)cc3)nc2c1,0,384.8700000000001,6.044420000000003,3,1
CHEMBL4129179,Cc1ccc(CSc2cc(Cl)c(C)cc2S(=O)(=O)/N=C(\N)N/N=C/C#Cc2ccccc2)cc1,0,511.07200000000023,4.879640000000004,4,2
CHEMBL3613552,COc1ccc(-c2nn(-c3ccccc3)cc2-c2nc3cc(Cl)c(Cl)cc3[nH]2)cc1,0,435.31400000000014,6.398000000000003,4,1
CHEMBL3613544,COc1ccc(-c2nn(-c3ccccc3)cc2-c2nc3ccccc3[nH]2)cc1,0,366.4240000000001,5.091200000000004,4,1
CHEMBL3613523,O=C(OCc1ccccc1)c1ccc2[nH]c(-c3cn(-c4ccccc4)nc3-c3ccccc3)nc2c1,0,470.53200000000015,6.439600000000005,5,1
CHEMBL3613541,Cc1cc2nc(-c3cn(-c4ccccc4)nc3-c3ccc(Cl)cc3)[nH]c2cc1C,0,398.8970000000001,6.352840000000004,3,1
CHEMBL2012336,CC(C(=O)NNC(=O)NC1CCCC1)c1cccc(Cc2ccccc2)c1,0,365.4770000000001,3.653900000000002,2,3
CHEMBL3613542,Clc1ccc(-c2nn(-c3ccccc3)cc2-c2nc3cc(Cl)c(Cl)cc3[nH]2)cc1,0,439.7330000000001,7.042800000000002,3,1
CHEMBL3613526,Fc1ccc(-c2nn(-c3ccccc3)cc2-c2nc3cc(Cl)ccc3[nH]2)cc1,0,388.83300000000014,5.875100000000002,3,1
CHEMBL3805375,O=C(/C=C\Nc1ccc(F)cc1)c1cn(-c2ccccc2)nc1-c1ccc(F)cc1,0,401.4160000000001,5.626000000000003,4,1
CHEMBL3613534,Clc1ccc(-c2nn(-c3ccccc3)cc2-c2nc3ccccc3[nH]2)cc1,0,370.8430000000001,5.736000000000003,3,1
CHEMBL3613533,O=C(OCc1ccccc1)c1ccc2[nH]c(-c3cn(-c4ccccc4)nc3-c3ccc(F)cc3)nc2c1,0,488.52200000000016,6.578700000000005,5,1
CHEMBL3805747,O=C(/C=C\Nc1ccc(C(F)(F)F)cc1)c1cn(-c2ccccc2)nc1-c1ccc(Cl)cc1,0,467.87800000000016,7.020000000000005,4,1
CHEMBL3806070,COc1ccc(-c2nn(-c3ccccc3)cc2C(=O)/C=C\Nc2ccc(C(F)(F)F)cc2)cc1,0,463.45900000000006,6.375200000000004,5,1
CHEMBL3806084,COc1cc(-c2nn(-c3ccccc3)cc2C(=O)/C=C\Nc2ccc(C(F)(F)F)cc2)cc(OC)c1OC,0,523.5110000000002,6.392400000000005,7,1
CHEMBL3613546,COc1ccc(-c2nn(-c3ccccc3)cc2-c2nc3cc(Cl)ccc3[nH]2)cc1,0,400.8690000000001,5.744600000000004,4,1
CHEMBL3613538,COc1ccc2[nH]c(-c3cn(-c4ccccc4)nc3-c3ccc(Cl)cc3)nc2c1,0,400.86900000000014,5.744600000000004,4,1
CHEMBL3613521,Cc1cc2nc(-c3cn(-c4ccccc4)nc3-c3ccccc3)[nH]c2cc1C,0,364.4520000000001,5.6994400000000045,3,1
CHEMBL3613549,COc1ccc(-c2nn(-c3ccccc3)cc2-c2nc3cc(C(F)(F)F)ccc3[nH]2)cc1,0,434.4210000000001,6.110000000000004,4,1
CHEMBL3613529,Cc1ccc2[nH]c(-c3cn(-c4ccccc4)nc3-c3ccc(F)cc3)nc2c1,0,368.4150000000001,5.530120000000003,3,1
CHEMBL3613524,Fc1ccc(-c2nn(-c3ccccc3)cc2-c2nc3ccccc3[nH]2)cc1,0,354.3880000000001,5.221700000000003,3,1
CHEMBL3613530,Fc1ccc(-c2nn(-c3ccccc3)cc2-c2nc3cc(C(F)(F)F)ccc3[nH]2)cc1,0,422.3850000000001,6.240500000000003,3,1
CHEMBL3805449,O=C(/C=C\Nc1ccc(F)cc1)c1cn(-c2ccccc2)nc1-c1ccc(Cl)cc1,0,417.8710000000001,6.140300000000003,4,1
CHEMBL3613536,Clc1ccc(-c2nn(-c3ccccc3)cc2-c2nc3cc(Cl)ccc3[nH]2)cc1,0,405.28800000000007,6.389400000000003,3,1
CHEMBL3613518,Cc1ccc2[nH]c(-c3cn(-c4ccccc4)nc3-c3ccccc3)nc2c1,0,350.42500000000007,5.391020000000004,3,1
CHEMBL3613537,Clc1ccc(-c2nn(-c3ccccc3)cc2-c2nc3cc(Br)ccc3[nH]2)cc1,0,449.7390000000001,6.498500000000003,3,1
CHEMBL3613525,Fc1ccc(-c2nn(-c3ccccc3)cc2-c2nc3cc(F)ccc3[nH]2)cc1,0,372.3780000000001,5.360800000000003,3,1
CHEMBL4207871,CCOC1OC(=O)C(Cl)=C1Nc1ccc(-c2ccccc2)cc1,0,329.783,4.135300000000003,4,1
CHEMBL3613514,c1ccc(-c2nn(-c3ccccc3)cc2-c2nc3ccccc3[nH]2)cc1,0,336.398,5.082600000000004,3,1
CHEMBL3613528,COc1ccc2[nH]c(-c3cn(-c4ccccc4)nc3-c3ccc(F)cc3)nc2c1,0,384.4140000000001,5.230300000000003,4,1
CHEMBL3805309,COc1ccc(N/C=C\C(=O)c2cn(-c3ccccc3)nc2-c2ccc(OC)cc2)cc1,0,425.48800000000017,5.365000000000004,6,1
CHEMBL3613553,COc1ccc(-c2nn(-c3ccccc3)cc2-c2nc3cc(C(=O)OCc4ccccc4)ccc3[nH]2)cc1,0,500.5580000000003,6.448200000000006,6,1
CHEMBL3613548,COc1ccc(-c2nn(-c3ccccc3)cc2-c2nc3cc(OC)ccc3[nH]2)cc1,0,396.45000000000016,5.099800000000004,5,1
CHEMBL1380054,O=Cc1cn(-c2ccccc2)nc1-c1ccccc1,0,248.285,3.3518000000000017,3,0
CHEMBL1580883,COc1ccc(-c2nn(-c3ccccc3)cc2C=O)cc1,0,278.31100000000004,3.360400000000002,4,0
CHEMBL3613535,Fc1ccc2[nH]c(-c3cn(-c4ccccc4)nc3-c3ccc(Cl)cc3)nc2c1,0,388.8330000000001,5.875100000000002,3,1
CHEMBL1404267,O=Cc1cn(-c2ccccc2)nc1-c1ccc(F)cc1,0,266.275,3.4909000000000017,3,0
CHEMBL2397430,O=Cc1cn(-c2ccccc2)nc1-c1ccc(Cl)cc1,0,282.73,4.005200000000002,3,0
CHEMBL3805384,O=C(/C=C\Nc1ccc(C(F)(F)F)cc1)c1cn(-c2ccccc2)nc1-c1ccccc1,0,433.4330000000001,6.3666000000000045,4,1
CHEMBL3613519,COc1ccc2[nH]c(-c3cn(-c4ccccc4)nc3-c3ccccc3)nc2c1,0,366.4240000000001,5.091200000000004,4,1
CHEMBL3613543,O=C(OCc1ccccc1)c1ccc2[nH]c(-c3cn(-c4ccccc4)nc3-c3ccc(Cl)cc3)nc2c1,0,504.9770000000002,7.093000000000004,5,1
CHEMBL3613517,Brc1ccc2[nH]c(-c3cn(-c4ccccc4)nc3-c3ccccc3)nc2c1,0,415.2940000000001,5.845100000000005,3,1
CHEMBL4214878,CCOC1OC(=O)C(Br)=C1Nc1ccc(-c2ccccc2)cc1,0,374.2340000000001,4.291400000000003,4,1
CHEMBL2012325,CC(C)Cc1ccc(C(C)C(=O)NNC(=O)NC2CCCCC2)cc1,0,345.4870000000002,3.6517000000000026,2,3
CHEMBL1824861,CC(=O)OC[C@@]1(O)CC[C@]23C[C@H]1C[C@@H]2CC[C@H]1[C@]2(C)CO[C@H](c4ccc(O)cc4)O[C@@H]2CC[C@@]13C,0,484.63300000000027,5.123200000000005,6,2
CHEMBL4065301,COc1cccc(-c2nnc(Cc3nc4ccccc4[nH]3)o2)c1OC,0,336.35100000000006,3.220900000000001,6,1
CHEMBL4094647,Nc1ccc(O)c(-c2nnc(Cc3nc4ccccc4[nH]3)o2)c1,0,307.31300000000005,2.4915000000000003,6,3
CHEMBL4068254,c1ccc(-c2nnc(Cc3nc4ccccc4[nH]3)o2)cc1,0,276.29900000000004,3.2037000000000013,4,1
CHEMBL4529587,CCOC(=O)c1ccc(/N=N/NC)cc1,0,207.233,2.0814,4,1
CHEMBL4847030,CN/N=N/c1ccc(Br)cc1,0,214.06599999999997,2.6672000000000002,2,1
CHEMBL124105,CN=NNc1ccc(C#N)cc1,0,160.17999999999998,1.96718,3,1
CHEMBL4166829,Fc1ccc(-n2nnnc2Nc2nccs2)cc1Cl,0,296.7180000000001,2.6549000000000005,7,1
CHEMBL4087921,c1ccc(OCc2nnc(Cc3nc4ccccc4[nH]3)o2)cc1,0,306.325,3.1157000000000012,5,1
CHEMBL4164338,N/C(=N\S(=O)(=O)c1ccccc1SCc1cccc2ccccc12)NNc1nc(Cl)nc(Nc2ccc(S(N)(=O)=O)cc2)n1,0,670.202,3.9816000000000003,10,5
CHEMBL4165414,Fc1ccc(-n2nnnc2Nn2cnnc2)cc1Cl,0,280.6540000000001,0.9214999999999995,8,1
CHEMBL4171136,O=[N+]([O-])c1ccc(-n2nnnc2Nn2cnnc2)cc1,0,273.216,0.03719999999999962,10,1
CHEMBL4074782,Cc1ccccc1-c1nnc(Cc2nc3ccccc3[nH]2)o1,0,290.326,3.5121200000000012,4,1
CHEMBL4102214,c1ccc(C(c2ccccc2)c2nnc(Cc3nc4ccccc4[nH]3)o2)cc1,0,366.424,4.716900000000003,4,1
CHEMBL4542630,C/C=C/C(=O)N1CCN(c2cc3c(cc2F)c(=O)c(C(=O)O)cn3C2CC2)CC1,0,399.42200000000025,2.3984000000000005,5,1
CHEMBL4177442,Brc1ccc(-n2nnnc2Nn2cnnc2)cc1,0,307.115,0.8914999999999995,8,1
CHEMBL4059610,Oc1ccc(-c2nnc(Cc3nc4ccccc4[nH]3)o2)cc1,0,292.29800000000006,2.9093,5,2
CHEMBL4073285,O=C(O)c1ccccc1-c1nnc(Cc2nc3ccccc3[nH]2)o1,0,320.308,2.9019000000000004,5,2
CHEMBL4086731,Cc1ccc(-c2nnc(Cc3nc4ccccc4[nH]3)o2)cc1,0,290.3260000000001,3.5121200000000012,4,1
CHEMBL4211408,COC1OC(=O)C(Br)=C1Nc1ccc(-c2ccccc2)cc1,0,360.20700000000005,3.9013000000000018,4,1
CHEMBL4212222,COC1OC(=O)C(Br)=C1Nc1ccc(-c2ccc(N)cc2)cc1,0,375.2220000000001,3.483500000000001,5,2
CHEMBL4087489,C1=CC2=C(Cc3nnc(Cc4nc5ccccc5[nH]4)o3)CNC2C=C1,0,331.3790000000001,2.4736000000000002,5,2
CHEMBL4216665,CCOC1OC(=O)C(Br)=C1Nc1ccc(-c2ccc(N)cc2)cc1,0,389.24900000000014,3.8736000000000015,5,2
CHEMBL4068814,CC(=O)c1ccccc1-c1nnc(Cc2nc3ccccc3[nH]2)o1,0,318.336,3.4063000000000017,5,1
CHEMBL4061581,CN(/N=N/c1ccc(Br)cc1)C(=O)CCCCc1ccc(O)cc1,0,390.2810000000002,5.024800000000004,4,1
CHEMBL4084342,CN(/N=N/c1ccc(C#N)cc1)C(=O)CCCCc1ccc(O)cc1,0,336.3949999999999,4.133980000000003,5,1
CHEMBL4074020,CC(=O)c1ccc(/N=N/N(C)C(=O)CCc2ccc(O)cc2)cc1,0,325.368,3.684700000000003,5,1
CHEMBL4102303,COC(=O)c1ccc(/N=N/N(C)C(=O)CCCCc2ccc(O)cc2)cc1,0,369.421,4.048900000000003,6,1
CHEMBL4076967,CN(/N=N/c1ccc(C#N)cc1)C(=O)CCc1ccc(O)cc1,0,308.34099999999995,3.353780000000002,5,1
CHEMBL4102942,Clc1ccc(-c2nnc(Cc3nc4ccc(Cl)cc4[nH]3)o2)c(Cl)c1,0,379.634,5.163900000000002,4,1
CHEMBL3823387,CCNC1=CC(=O)C(C(C)(C)C)=CC1=O,0,207.27299999999997,1.6041,3,1
CHEMBL4095623,c1ccc(Cc2nnc(Cc3nc4ccccc4[nH]3)o2)cc1,0,290.326,3.1275000000000013,4,1
CHEMBL4094566,CN(/N=N/c1ccc(C(N)=O)cc1)C(=O)CCc1ccc(O)cc1,0,326.35599999999994,2.5810000000000013,5,2
CHEMBL4867517,CN(/N=N/c1ccc(Cl)cc1)C(=O)CCc1ccc(O)cc1,0,317.77599999999995,4.135500000000002,4,1
CHEMBL4092099,CN(/N=N/c1ccc(C(N)=O)cc1)C(=O)CCCCc1ccc(O)cc1,0,354.41,3.361200000000002,5,2
CHEMBL4081962,CN(/N=N/c1ccc(C#N)cc1)C(=O)CCc1cccc(O)c1,0,308.34099999999995,3.353780000000002,5,1
CHEMBL4099967,COC(=O)c1ccc(/N=N/N(C)C(=O)CCc2cccc(O)c2)cc1,0,341.367,3.2687000000000017,6,1
CHEMBL4063374,COC(=O)c1ccc(/N=N/N(C)C(=O)CCc2ccc(O)cc2)cc1,0,341.367,3.2687000000000017,6,1
CHEMBL4174731,FC(F)(F)c1ccc(-n2nnnc2Nc2nccs2)cc1,0,312.28000000000003,2.8812000000000006,7,1
CHEMBL4167345,Cc1ccc(-n2nnnc2NCc2ccco2)cc1Cl,0,289.72600000000006,2.829220000000001,6,1
CHEMBL4173641,Fc1ccc(-n2nnnc2Nn2cnnc2)cc1,0,246.2090000000001,0.2680999999999996,8,1
CHEMBL4063427,Clc1ccc2nc(Cc3nnc(-c4ccccc4)o3)[nH]c2c1,0,310.744,3.8571000000000017,4,1
CHEMBL4175527,Fc1ccc(-n2nnnc2NCc2ccco2)cc1Cl,0,293.6890000000001,2.6599000000000013,6,1
CHEMBL4212774,CC(=O)OC1OC(=O)C(Br)=C1Nc1ccc(-c2ccccc2)cc1,0,388.2170000000001,3.8180000000000023,5,1
CHEMBL2252966,CC(C)(C)C1=CC(=O)C=CC1=O,0,164.20399999999998,1.6669,2,0
CHEMBL4793209,COc1ccc(Nc2nnnn2-c2ccccc2Cl)cc1,0,301.737,3.0679000000000007,6,1
CHEMBL3823454,CCCCNC1=CC(=O)C(C(C)(C)C)=CC1=O,0,235.32699999999994,2.3843000000000005,3,1
CHEMBL3824238,CCCCNC1=CC(=O)C(C[C@]2(C)[C@@H](C)CC[C@]3(C)C(C)=CCC[C@@H]23)=CC1=O,0,383.57600000000014,5.527100000000006,3,1
CHEMBL4074726,c1ccc(-c2nnc(Cc3nc4ccccc4[nH]3)o2)nc1,0,277.28700000000003,2.5987,5,1
CHEMBL1824863,COc1cc(=O)oc2c1[C@H](O[C@@H]1O[C@@H](C)[C@@H](C)c3oc(=O)cc(OC)c31)O[C@@H](C)[C@H]2C,0,434.44100000000026,3.3686000000000025,9,0
CHEMBL4204485,CC(=O)OC1OC(=O)C(Br)=C1Nc1ccc(-c2ccc(N)cc2)cc1,0,403.23200000000014,3.4002000000000008,6,2
CHEMBL3398104,COCCOCCOCCn1cnc2c(=O)[nH]c(N)nc21,0,297.31500000000005,-0.6185999999999987,8,2
CHEMBL3822489,CC1=CCC[C@H]2[C@](C)(CC3=CC(=O)C(NCCc4ccccc4)=CC3=O)[C@@H](C)CC[C@]12C,0,431.62000000000023,5.969700000000006,3,1
CHEMBL4217203,COC1OC(=O)C(Cl)=C1Nc1ccc(-c2ccc(N)cc2)cc1,0,330.7710000000001,3.327400000000001,5,2
CHEMBL4067412,CC(=O)c1ccc(/N=N/N(C)C(=O)CCCCc2ccc(O)cc2)cc1,0,353.42199999999997,4.464900000000004,5,1
CHEMBL1824864,COc1cc(=O)oc2c1[C@H](O[C@@H]1O[C@@H](C)[C@@H](C)c3oc(=O)cc(OC)c31)O[C@@H](C)[C@@H]2C,0,434.44100000000026,3.3686000000000025,9,0
CHEMBL503357,O=C(CCl)Nc1cn(COC(CO)CO)c(=O)[nH]c1=O,0,307.69,-1.9587999999999988,7,4
CHEMBL4095195,Cc1ccccc1Cc1nnc(Cc2nc3ccccc3[nH]2)o1,0,304.353,3.435920000000002,4,1
CHEMBL4075892,c1csc(-c2nnc(Cc3nc4ccccc4[nH]3)o2)c1,0,282.32800000000003,3.265200000000001,5,1
CHEMBL1824865,COc1cc(=O)oc2c1[C@H](O[C@@H]1O[C@@H](C)[C@H](C)c3oc(=O)cc(OC)c31)O[C@@H](C)[C@@H]2C,0,434.44100000000026,3.3686000000000025,9,0
CHEMBL4061912,c1coc(-c2nnc(Cc3nc4ccccc4[nH]3)o2)c1,0,266.26000000000005,2.7967000000000004,5,1
CHEMBL4067556,N#CCc1nnc(Cc2nc3ccccc3[nH]2)o1,0,239.23800000000003,1.6027799999999999,5,1
CHEMBL1824862,COc1cc(=O)oc2c1[C@H](O)O[C@@H](C)[C@H]2C,0,226.228,1.1615,5,1
CHEMBL4083305,c1cncc(-c2nnc(Cc3nc4ccccc4[nH]3)o2)c1,0,277.28700000000003,2.5987,5,1
CHEMBL451477,O=C(CCl)Nc1c[nH]c(=O)[nH]c1=O,0,203.585,-0.7595000000000003,3,3
CHEMBL3822910,CC(C)(C)C1=CC(=O)C(NCCc2ccccc2)=CC1=O,0,283.37100000000004,2.826900000000001,3,1
CHEMBL3822542,CCCCCCCCNC1=CC(=O)C(C[C@]2(C)[C@@H](C)CC[C@]3(C)C(C)=CCC[C@@H]23)=CC1=O,0,439.6840000000003,7.087500000000008,3,1
CHEMBL4102507,COc1ccc(Cn2nnc(-c3cc([N+](=O)[O-])cc([N+](=O)[O-])c3)n2)cc1,0,356.29800000000006,2.2134,9,0
CHEMBL4845716,CCOC(=O)c1ccc(/N=N/N(C)C(=O)NCCSc2ccc(O)cc2)cc1,0,402.47600000000006,4.001300000000002,7,2
CHEMBL4468581,CN(C)CCCn1cnc2c1ncn1c(NC(C)(C)C)c(-c3ccc(Cl)cc3)nc21,0,425.9680000000002,4.561500000000003,7,1
CHEMBL3633646,O=C(CC1c2cccc(O)c2C(=O)c2c(O)cccc21)NCCc1ccc(O)c(O)c1,0,419.43300000000016,2.934300000000002,6,5
CHEMBL3823823,CCCCCCCCNC1=CC(=O)C(C(C)(C)C)=CC1=O,0,291.435,3.9447000000000028,3,1
CHEMBL4470488,CC(C)=CCC/C(C)=C/C(=O)N1CCN(c2cc3c(cc2F)c(=O)c(C(=O)O)cn3C2CC2)CC1,0,481.5680000000003,4.515000000000004,5,1
CHEMBL4746379,COc1ccc(Nc2nnnn2-c2cccc(Cl)c2)cc1,0,301.737,3.0679000000000007,6,1
CHEMBL4790859,COc1ccc(Nc2nnnn2-c2ccc(Br)cc2)cc1,0,346.188,3.1770000000000005,6,1
CHEMBL4742981,COc1ccc(Nc2nnnn2-c2ccc(Cl)cc2)cc1,0,301.737,3.0679000000000007,6,1
CHEMBL4791836,COc1ccc(Nc2nnnn2-c2ccc(F)cc2)cc1,0,285.282,2.5536000000000003,6,1
CHEMBL4794796,COc1ccc(Nc2nnnn2-c2cccc(F)c2)cc1,0,285.282,2.5536000000000003,6,1
CHEMBL4129694,C/C(C#Cc1ccccc1)=N\N/C(N)=N/S(=O)(=O)c1cc(C)c(Cl)cc1SCc1cccc(C(F)(F)F)c1,0,579.0690000000004,5.980120000000004,4,2
CHEMBL4172662,Cc1cc(S(=O)(=O)/N=C(\N)n2nccc2-c2ccccc2)c(SCc2cc3c(cc2Cl)OCO3)cc1Cl,0,575.4990000000003,5.738020000000003,7,1
CHEMBL4762598,COc1ccc(Nc2nnnn2-c2ccccc2Br)cc1,0,346.188,3.1770000000000005,6,1
CHEMBL4777509,COc1ccc(Nc2nnnn2-c2cccc(Br)c2)cc1,0,346.188,3.1770000000000005,6,1
CHEMBL4466323,C/C=C/C=C/C(=O)N1CCN(c2cc3c(cc2F)c(=O)c(C(=O)O)cn3C2CC2)CC1,0,425.46000000000026,2.954600000000002,5,1
CHEMBL4089643,NS(=O)(=O)c1cc(-c2nnc(CN3CCN(c4ccc(F)cc4)CC3)o2)c(Cl)cc1SCc1ccccc1,0,574.1030000000003,4.791000000000004,8,1
CHEMBL4744821,COc1ccc(-n2nnnc2Nc2ccccc2F)cc1,0,285.28200000000004,2.5536000000000003,6,1
CHEMBL4079184,NS(=O)(=O)c1cc(-c2nnc(CN3CCN(c4ccc(Cl)cc4)CC3)o2)c(Cl)cc1SCc1ccccc1,0,590.5580000000002,5.305300000000005,8,1
CHEMBL4128466,C/C(C#Cc1ccccc1)=N\N/C(N)=N/S(=O)(=O)c1cc(C)c(Cl)cc1SCc1ccc(C(F)(F)F)cc1,0,579.0690000000004,5.980120000000004,4,2
CHEMBL4760497,COc1ccc(Nc2nnnn2-c2ccccc2F)cc1,0,285.28200000000004,2.5536000000000003,6,1
CHEMBL4747525,COc1ccc(-n2nnnc2Nc2cccc(F)c2)cc1,0,285.28200000000004,2.5536000000000003,6,1
CHEMBL1159894,NCCSc1ccc(O)cc1,0,169.249,1.443,3,2
CHEMBL575171,CCCCCCCCCCCCCCCC(=O)N1CCN(c2cc3c(cc2F)c(=O)c(C(=O)O)cn3C2CC2)CC1,0,569.762,7.303600000000008,5,1
CHEMBL122880,CN=NNc1ccc(C(C)=O)cc1,0,177.207,2.2981000000000007,3,1
CHEMBL4870995,Cc1ccc(/N=N/N(C)C(=O)NCCSc2ccc(O)cc2)cc1,0,344.44000000000005,4.133020000000003,5,2
CHEMBL4475592,CCCCCCCC/C=C\CCCCCCCC(=O)N1CCN(c2cc3c(cc2F)c(=O)c(C(=O)O)cn3C2CC2)CC1,0,595.8,7.859800000000009,5,1
CHEMBL4789203,COc1ccc(-n2nnnc2Nc2ccc(Br)cc2)cc1,0,346.18800000000005,3.1770000000000005,6,1
CHEMBL4751750,COc1ccc(-n2nnnc2Nc2ccccc2Cl)cc1,0,301.7370000000001,3.0679000000000007,6,1
CHEMBL4755279,COc1ccc(-n2nnnc2Nc2cccc(Br)c2)cc1,0,346.18800000000005,3.1770000000000014,6,1
CHEMBL4744186,COc1ccc(-n2nnnc2Nc2ccccc2Br)cc1,0,346.18800000000005,3.1770000000000014,6,1
CHEMBL4751656,COc1ccc(-n2nnnc2Nc2cccc(Cl)c2)cc1,0,301.7370000000001,3.0679000000000007,6,1
CHEMBL4516379,CCCCCCCC/C=C/CCCCCCCC(=O)N1CCN(c2cc3c(cc2F)c(=O)c(C(=O)O)cn3C2CC2)CC1,0,595.8,7.859800000000009,5,1
CHEMBL3220081,Nc1nc(=O)n([C@H]2C[C@H](O)[C@@H](CO)O2)cc1C(F)(F)F,0,295.217,-0.5150000000000001,7,3
CHEMBL4755548,COc1ccc(-n2nnnc2Nc2ccc(Cl)cc2)cc1,0,301.737,3.0679000000000007,6,1
CHEMBL4125990,Cc1cc(S(=O)(=O)/N=C(\N)N/N=C/C#Cc2ccccc2)c(SCc2ccccc2)cc1Cl,0,497.0450000000002,4.571220000000003,4,2
CHEMBL4850739,CN(/N=N/c1ccc(Br)cc1)C(=O)NCCSc1ccc(O)cc1,0,409.30900000000014,4.587100000000004,5,2
CHEMBL4072959,Cc1ccc(/N=N/N(C)C(=O)CCCCc2ccc(O)cc2)cc1,0,325.41200000000003,4.570720000000005,4,1
CHEMBL4850897,CC(=O)c1ccc(/N=N/N(C)C(=O)NCCSc2ccc(O)cc2)cc1,0,372.45000000000005,4.027200000000002,6,2
CHEMBL4465959,COc1ccc(/C=C2\NC(=O)N(CCCCN3CCN(c4ccccc4OC)CC3)C2=O)cc1OC1CCCC1,0,548.6840000000001,4.520300000000004,7,1
CHEMBL4064379,CCOC(=O)c1ccc(/N=N/N(C)C(=O)CCCCc2ccc(O)cc2)cc1,0,383.44800000000004,4.439000000000004,6,1
CHEMBL4870268,CN(/N=N/c1ccc(C#N)cc1)C(=O)NCCSc1ccc(O)cc1,0,355.423,3.6962800000000025,6,2
CHEMBL4125988,C/C(C#Cc1ccccc1)=N\N/C(N)=N/S(=O)(=O)c1cc(C)c(Cl)cc1SCc1cccc(Cl)c1,0,545.5170000000003,5.614720000000005,4,2
CHEMBL4760695,COc1ccc(-n2nnnc2Nc2ccc(F)cc2)cc1,0,285.28200000000004,2.5536000000000003,6,1
CHEMBL4100139,NS(=O)(=O)c1cc(-c2nnc(/C=C/c3c(Cl)cccc3Cl)o2)c(Cl)cc1SCc1ccccc1,0,552.8920000000003,6.806900000000004,6,1
CHEMBL3220084,O=c1[nH]cnc2c1nc(C(F)(F)F)n2[C@@H]1O[C@H](CO)[C@@H](O)[C@H]1O,0,336.22600000000006,-1.2501000000000004,8,4
CHEMBL3220083,Nc1nc2c(nc(C(F)(F)F)n2[C@H]2C[C@H](O)[C@@H](CO)O2)c(=O)[nH]1,0,335.2420000000001,-0.6387000000000005,8,4
CHEMBL3220082,Nc1ncnc2c1nc(C(F)(F)F)n2[C@H]1C[C@H](O)[C@@H](CO)O1,0,319.24300000000005,0.068,8,3
CHEMBL449329,Nc1ncnc2c1ncn2[C@H]1C[C@H](O)[C@@H](CO)O1,0,251.24599999999998,-0.9508000000000003,8,3
CHEMBL1556,O=c1[nH]cnc2c1ncn2[C@@H]1O[C@H](CO)[C@@H](O)[C@H]1O,0,268.229,-2.2689,8,4
CHEMBL66115,Nc1ccn([C@H]2C[C@H](O)[C@@H](CO)O2)c(=O)n1,0,227.21999999999997,-1.5338000000000005,7,3
CHEMBL68908,Nc1nc(O)c2ncn([C@H]3C[C@H](O)[C@@H](CO)O3)c2n1,0,267.24499999999995,-1.2452000000000005,9,4
CHEMBL4127782,C/C(C#Cc1ccccc1)=N\N/C(N)=N/S(=O)(=O)c1cc(C)c(Cl)cc1SCc1ccc(C)cc1,0,525.0990000000003,5.269740000000004,4,2
CHEMBL4549879,CC/C=C\C/C=C\C/C=C\CCCCCCCC(=O)N1CCN(c2cc3c(cc2F)c(=O)c(C(=O)O)cn3C2CC2)CC1,0,591.7679999999999,7.4118000000000075,5,1
CHEMBL4591601,COc1ccc(/C=C2\NC(=O)N(CCCCN3CCN(c4cccc(Cl)c4Cl)CC3)C2=O)cc1OC,0,533.4560000000002,4.5057000000000045,6,1
CHEMBL4067470,NS(=O)(=O)c1cc(-c2nnc(Cn3cc(-c4ccccc4)nn3)o2)c(Cl)cc1SCc1ccccc1,0,539.0420000000001,4.636500000000003,9,1
CHEMBL146816,COC(=O)/C=C/c1ccc(O)cc1,0,178.18699999999998,1.5783999999999998,3,1
CHEMBL4127231,C/C(C#Cc1ccccc1)=N\N/C(N)=N/S(=O)(=O)c1cc(C)c(Cl)cc1SCc1ccccc1Cl,0,545.5170000000003,5.614720000000004,4,2
